{
	"class_name" : "PinholeCameraParameters",
	"extrinsic" : 
	[
		0.57020395132503088,
		0.61389675567095736,
		-0.54589213886077781,
		0.0,
		0.81445699284598516,
		-0.33560360197857453,
		0.47331810565758153,
		0.0,
		0.10736508137004755,
		-0.71449352391444343,
		-0.6913550054687706,
		0.0,
		-3.0886807259116811,
		1.0673887657591394,
		7.4002266381619108,
		1.0
	],
	"intrinsic" : 
	{
		"height" : 1055,
		"intrinsic_matrix" : 
		[
			913.65680099258282,
			0.0,
			0.0,
			0.0,
			913.65680099258282,
			0.0,
			959.5,
			527.0,
			1.0
		],
		"width" : 1920
	},
	"version_major" : 1,
	"version_minor" : 0
}