{
	"class_name" : "PinholeCameraParameters",
	"extrinsic" : 
	[
		-0.99928172447874086,
		0.01793719516340693,
		-0.033381014850718448,
		0.0,
		0.037617165941704493,
		0.57601261755615951,
		-0.81657480566241814,
		0.0,
		0.0045808240861554862,
		-0.81724397914317581,
		-0.57627362824002304,
		0.0,
		2.9552800502487986,
		-1.5989442196017514,
		13.525741774627376,
		1.0
	],
	"intrinsic" : 
	{
		"height" : 1055,
		"intrinsic_matrix" : 
		[
			913.65680099258282,
			0.0,
			0.0,
			0.0,
			913.65680099258282,
			0.0,
			959.5,
			527.0,
			1.0
		],
		"width" : 1920
	},
	"version_major" : 1,
	"version_minor" : 0
}