{
	"class_name" : "PinholeCameraParameters",
	"extrinsic" : 
	[
		-0.99928770791771371,
		-0.018578040451382529,
		-0.032847118862223613,
		0.0,
		0.016394003565201147,
		0.5702774144167575,
		-0.82128856515432025,
		0.0,
		0.033989902201483665,
		-0.82124206359582241,
		-0.56956664186836725,
		0.0,
		2.8807851826084221,
		-0.45197327737606674,
		13.542706979528461,
		1.0
	],
	"intrinsic" : 
	{
		"height" : 1055,
		"intrinsic_matrix" : 
		[
			913.65680099258282,
			0.0,
			0.0,
			0.0,
			913.65680099258282,
			0.0,
			959.5,
			527.0,
			1.0
		],
		"width" : 1920
	},
	"version_major" : 1,
	"version_minor" : 0
}