{
	"class_name" : "PinholeCameraParameters",
	"extrinsic" : 
	[
		0.99655842200672551,
		-0.023097416626119423,
		0.079610431933664863,
		0.0,
		-0.054749794982874279,
		-0.90450715835915829,
		0.42292937995175234,
		0.0,
		0.062239629471892426,
		-0.42583249033186732,
		-0.90265880525310427,
		0.0,
		-2.7210528404398269,
		3.0028485360009478,
		8.8286712087077639,
		1.0
	],
	"intrinsic" : 
	{
		"height" : 1055,
		"intrinsic_matrix" : 
		[
			913.65680099258282,
			0.0,
			0.0,
			0.0,
			913.65680099258282,
			0.0,
			959.5,
			527.0,
			1.0
		],
		"width" : 1920
	},
	"version_major" : 1,
	"version_minor" : 0
}