{
	"class_name" : "PinholeCameraParameters",
	"extrinsic" : 
	[
		0.98212431705129877,
		-0.17060069512930748,
		0.079543878946887039,
		0.0,
		-0.18593682540245038,
		-0.81345376495951471,
		0.55110840061865263,
		0.0,
		-0.029314208428313865,
		-0.55604709791040874,
		-0.83063367502746588,
		0.0,
		-1.6555732238488858,
		2.1388792803715302,
		6.4123026719495302,
		1.0
	],
	"intrinsic" : 
	{
		"height" : 1055,
		"intrinsic_matrix" : 
		[
			913.65680099258282,
			0.0,
			0.0,
			0.0,
			913.65680099258282,
			0.0,
			959.5,
			527.0,
			1.0
		],
		"width" : 1920
	},
	"version_major" : 1,
	"version_minor" : 0
}