{
	"class_name" : "PinholeCameraParameters",
	"extrinsic" : 
	[
		0.97437654883424085,
		0.033257048139707215,
		0.22245069078541332,
		0.0,
		-0.086224752538148097,
		-0.85822026877257285,
		0.50598741320083052,
		0.0,
		0.20773933939340786,
		-0.51220302519310257,
		-0.8333621228802186,
		0.0,
		-2.0772699020524539,
		2.7629177275458088,
		6.5875286232037409,
		1.0
	],
	"intrinsic" : 
	{
		"height" : 1055,
		"intrinsic_matrix" : 
		[
			913.65680099258282,
			0.0,
			0.0,
			0.0,
			913.65680099258282,
			0.0,
			959.5,
			527.0,
			1.0
		],
		"width" : 1920
	},
	"version_major" : 1,
	"version_minor" : 0
}