{
	"class_name" : "PinholeCameraParameters",
	"extrinsic" : 
	[
		0.99995508642453457,
		0.0049611884898495499,
		-0.0080753787818204723,
		0.0,
		0.0089956716179819783,
		-0.76506965128478743,
		0.64388469975230445,
		0.0,
		-0.0029837938673985946,
		-0.64392842404396311,
		-0.76507991849375778,
		0.0,
		-1.9916892257496333,
		1.8346301478524656,
		5.9546161472194408,
		1.0
	],
	"intrinsic" : 
	{
		"height" : 1055,
		"intrinsic_matrix" : 
		[
			913.65680099258282,
			0.0,
			0.0,
			0.0,
			913.65680099258282,
			0.0,
			959.5,
			527.0,
			1.0
		],
		"width" : 1920
	},
	"version_major" : 1,
	"version_minor" : 0
}