{
	"class_name" : "PinholeCameraParameters",
	"extrinsic" : 
	[
		0.58451193072898167,
		0.62072113245214955,
		-0.52254289638535811,
		0.0,
		0.8113789353910329,
		-0.44966975320962232,
		0.37344522523672924,
		0.0,
		-0.0031663921412546092,
		-0.64226348858993876,
		-0.76647738726272252,
		0.0,
		-1.8380644633262517,
		0.81096577223470323,
		7.588113380124363,
		1.0
	],
	"intrinsic" : 
	{
		"height" : 1055,
		"intrinsic_matrix" : 
		[
			913.65680099258282,
			0.0,
			0.0,
			0.0,
			913.65680099258282,
			0.0,
			959.5,
			527.0,
			1.0
		],
		"width" : 1920
	},
	"version_major" : 1,
	"version_minor" : 0
}