{
	"class_name" : "PinholeCameraParameters",
	"extrinsic" : 
	[
		0.9943646365804627,
		0.030852646673036721,
		0.10142526170275891,
		0.0,
		-0.034282608337279377,
		-0.81173066473148636,
		0.58302489715291916,
		0.0,
		0.10031785625598805,
		-0.58321646249728587,
		-0.80609855823488175,
		0.0,
		-2.8168803804667548,
		2.7986598656621497,
		8.0258153027708126,
		1.0
	],
	"intrinsic" : 
	{
		"height" : 1055,
		"intrinsic_matrix" : 
		[
			913.65680099258282,
			0.0,
			0.0,
			0.0,
			913.65680099258282,
			0.0,
			959.5,
			527.0,
			1.0
		],
		"width" : 1920
	},
	"version_major" : 1,
	"version_minor" : 0
}