{
	"class_name" : "PinholeCameraParameters",
	"extrinsic" : 
	[
		0.98928194621840804,
		-0.00083242633692275775,
		0.14601554010690981,
		0.0,
		-0.067848222923372767,
		-0.88809699154426369,
		0.45462110845864656,
		0.0,
		0.12929752330365538,
		-0.45965534988339013,
		-0.87863479887329698,
		0.0,
		-2.0504603187608983,
		2.834403576658842,
		7.8055171900037212,
		1.0
	],
	"intrinsic" : 
	{
		"height" : 1055,
		"intrinsic_matrix" : 
		[
			913.65680099258282,
			0.0,
			0.0,
			0.0,
			913.65680099258282,
			0.0,
			959.5,
			527.0,
			1.0
		],
		"width" : 1920
	},
	"version_major" : 1,
	"version_minor" : 0
}